Total Pawdacity Sales,343027.636364
2010 Census,19442.0
Land Area,3006.48912627
Population Density,5.70909090909
Total Families,5695.70818182
Households with Under 18,3096.72727273
